﻿Id_Empleado;Nombre y Apellido
1;Juan Pastran
2;Esteban Damico
3;Julian Quevedo
4;Oscar Rosseto
5;Valentin Quintero
6;Marcelo Barrios
7;Jorge Brizuela
8;Cristian Chena
9;Marco Delgado
10;Adrian Lucero
11;Omar Pacheco
12;Marcos Luna
13;Franco Castro
14;Javier Garay
15;Lucas Regalado
16;Alejo Alfaro
17;Thiago Manrique
18;Mateo Quiroga
19;Alan Silvan
20;Gonzalo Valdez
21;Espinoza Duilio
22;Montaña Ariel
23;Pedraza Atilio
24;Tello German
25;Villlegas Pablo
26;Fabricio Brizuela
27;Emir Gimenez
28;Yair Muñoz
29;Mathiel Perizo
30;Etian Aballay
31;Joaquín Grecco
32;Isaías Alfaro
33;Ignacio Pinto
34;Lian Ruiz
35;Ian Acosta
36;Luis Barquiel
37;Catriel Gonzalez
38;Lionel Pastran
39;Tiziano Silva
40;Gian Cabrera
41;Pelaytat Axel
42;Julián Soria
43;Liam Arancibia
44;Juan Casivar
45;Nicolas Castro
46;Dylan de los Ríos
47;Valentino Guiñez
48;Franco Guardia
49;Samuel Lucero
50;Thian Navarro
51;Tobías Quinteros
52;Benjamín Acosta
53;Danilo Alvarez
54;Castro Milton
55;Giovanni Chacon
56;Theo Fernandez
57;Alejandro Gimenez
58;Mateo Gimenez
59;Dilan Gonzalez
60;David Lopez
61;Jeremias Ventrice
62;Nicolas Montaña
63;Francisco Caballero
64;Eduardo Monardez
65;Leonardo Perez
66;Rodolfo Colmenares
67;Esteban Vera
68;Adrian Ortiz
